"slug","name","url","description","language","topics","stars","created_at","updated_at","archived","has_readme"
"whoami","whoami","https://github.com/adriens/whoami","Mon CV et profil en données structurées — knowledge graph personnel pour agents, embeddings et graph data science","Astro","curriculum, curriculum-vitae, resume, resume-website","0","2026-05-22","2026-05-24","False","True"
"avps","avps","https://github.com/adriens/avps","AVPs de la DRHFPNC","Python","","0","2026-04-28","2026-05-24","False","True"
"claude-commands","claude-commands","https://github.com/adriens/claude-commands","Set of (hopefully) useful Claude Skills","HTML","","0","2026-05-15","2026-05-24","False","True"
"edb-noumea-data","edb-noumea-data","https://github.com/adriens/edb-noumea-data","Repo de collecte automatique quotidienne des données sur la qualité des eaux de baignade à Nouméa","Python","csv, noumea, opendata, water-quality-analysis","0","2025-09-24","2026-05-22","False","True"
"geol-showcase","geol-showcase","https://github.com/adriens/geol-showcase","A set of resources to showcase what could be achieved with geol, datascience, AI and devsecops tools","TeX","devsecops, secops, security","0","2025-09-28","2026-05-20","False","True"
"auptitcafe-data","auptitcafe-data","https://github.com/adriens/auptitcafe-data","Menus  historisés du restaurant ""Au p'tit café"" , Nouméa, Nouvelle-Calédonie","Python","csv, data-science, duckdb, duckdb-database, noumea, nouvelle-caledonie, opendata","0","2023-05-28","2026-05-19","False","True"
"edb-noumea","edb-noumea","https://github.com/adriens/edb-noumea","SDK Python pour connaître la Qualité des Eaux de Baignade à Nouméa","Python","opendata, pandas, pandas-dataframe, water-quality","0","2025-09-06","2026-05-17","False","True"
"emploi-nc","emploi-nc","https://github.com/adriens/emploi-nc","Data des offre d'emploi de https://emploi.nc/","Python","","0","2026-05-09","2026-05-12","False","True"
"duckdb-brew","duckdb-brew","https://github.com/adriens/duckdb-brew","duckdb extension to report installed brew packages/casks/formulas with SQL","C++","brew, community, duckdb, extension, homebrew, sql, csv, dataengineering, datascience, parquet, reporting","1","2026-01-25","2026-03-24","False","True"
"odata-offres-emploi-drhfpnc","odata-offres-emploi-drhfpnc","https://github.com/adriens/odata-offres-emploi-drhfpnc","Les offfres de Emploi.gouv.nc en csv sur git!","","csv, employment, nouvelle-caledonie, opendata","0","2025-03-29","2026-03-24","False","True"
"task-gomplates","task-gomplates","https://github.com/adriens/task-gomplates","Ready-to-use gomplate templates to use around `Task` `yaml` files","","automation, documentation, golang, gomplate, markdown, mermaid, mermaid-diagrams, mermaidjs, template","1","2025-11-12","2026-03-09","False","True"
"odata-ncl","odata-ncl","https://github.com/adriens/odata-ncl","Ressources Open Data pour joindre des jeux de données open datas","TeX","","0","2023-02-03","2026-03-06","False","True"
"ollama-models","ollama-models","https://github.com/adriens/ollama-models","A collection of ready to use ollama models","","ai, chatbot, devops, llm, ollama","18","2023-12-27","2026-01-20","False","True"
"odata-avps-drhfpnc","odata-avps-drhfpnc","https://github.com/adriens/odata-avps-drhfpnc","Open data des AVPs de la DRHFPNC","","drh, emploi, jobs, markdown, nouvelle-caledonie, opendata","0","2024-10-17","2025-12-26","False","True"
"edb-noumea-tui","edb-noumea-tui","https://github.com/adriens/edb-noumea-tui","Un TUI pour les eaux de baignades à noumea","Go","","1","2025-11-11","2025-12-23","False","True"
"optnc-fiber-eligibility","optnc-fiber-eligibility","https://github.com/adriens/optnc-fiber-eligibility","Un scrapper Go en API  pour tester votre éligibilité à la Fibre Optique en Nouvelle-Calédonie","Go","api, api-rest, fibre-optic, golang, nouvelle-caledonie","0","2025-12-13","2025-12-16","False","True"
"auptitcafe-sdk","auptitcafe-sdk","https://github.com/adriens/auptitcafe-sdk","😋 SDK Python pour accéder aux menus du restaurant ""Au p'tit café"" - Nouméa, Nouvelle-Calédonie","Python","datascience, opendata-api, pypi-package, python, restaurant-menu, noumea, nouvelle-caledonie, menu","1","2023-05-07","2025-12-13","False","True"
"ncla","ncla","https://github.com/adriens/ncla","TUI pour interagir avec les adresses de Nouvelle-Caléonie","Go","adresses, api, charmbracelet, golang, nouvelle-caledonie, opendata, opendata-api, tui","0","2025-11-29","2025-12-10","False","True"
"web-generative-art-processing-pixels","web-generative-art-processing-pixels","https://github.com/adriens/web-generative-art-processing-pixels","web-generative-art-processing-pixels","JavaScript","","0","2020-10-28","2025-12-09","False","True"
"edb-noumea-site","edb-noumea-site","https://github.com/adriens/edb-noumea-site","Site web de la qualité des eaux de baignade à Nouméa","TypeScript","nextjs","0","2025-11-10","2025-11-10","False","True"
"adriens","adriens","https://github.com/adriens/adriens","README profile page","","","1","2020-10-09","2025-10-21","False","True"
"referentiel-emplois-opt-nc","referentiel-emplois-opt-nc","https://github.com/adriens/referentiel-emplois-opt-nc","Le référentiel des emplois de l'OPT-NC... en data, dataviz & ML","Python","","0","2025-06-22","2025-10-10","False","True"
"unc-temps-attente-nextjs","unc-temps-attente-nextjs","https://github.com/adriens/unc-temps-attente-nextjs","Un front-end NEXT.js  pour localiser les agences de l'OPT-NC","TeX","","0","2025-06-30","2025-10-10","False","True"
"temps-attente-streamlit","temps-attente-streamlit","https://github.com/adriens/temps-attente-streamlit","Front-end web API driven sur Streamlit qui présente les temps d'attente en Agence à l'OPT Nouvelle-Calédonie","Python","api-client, apigee, docker, innovation, internship-project, streamlit-application, streamlit-dashboard, streamlit-webapp, student-project, web","0","2024-09-19","2025-09-25","True","True"
"emploi-nc-app","emploi-nc-app","https://github.com/adriens/emploi-nc-app","Application mobile Emploi.nc","Dart","","0","2020-03-17","2025-09-25","True","True"
"opt-temps-attente-agences-elk","opt-temps-attente-agences-elk","https://github.com/adriens/opt-temps-attente-agences-elk","Reporting ELK des temps d'attente des agences","","","0","2020-11-11","2025-09-25","True","True"
"auptitcafe-slideshow","auptitcafe-slideshow","https://github.com/adriens/auptitcafe-slideshow","Slideshow des menus du restaurant ""Au p'tit café""","TypeScript","","0","2025-08-14","2025-08-15","False","True"
"gh-action-issue-secret-santa","gh-action-issue-secret-santa","https://github.com/adriens/gh-action-issue-secret-santa","","JavaScript","","0","2025-08-10","2025-08-10","False","True"
"nodred-modbus","Nodred-Modbus","https://github.com/adriens/Nodred-Modbus","Serveur nodered modbus KNX","Python","","0","2025-08-04","2025-08-04","False","True"
"neo4j-ninjas","neo4j-ninjas","https://github.com/adriens/neo4j-ninjas","A set of resources around Neo4J ninjas program","","duckdb, duckdb-database, kaggle, kaggle-notebook, neo4j, python, data-science, datavisualization","1","2023-04-16","2025-07-18","False","True"
"unc_iae_miage_interop_si_feedbacks","unc_iae_miage_interop_si_feedbacks","https://github.com/adriens/unc_iae_miage_interop_si_feedbacks","Repo dédiée à la prise de feedbacks de la MIAGE UNC, parcours ""Interopérabilité des SIs""","","","0","2025-03-15","2025-07-07","False","True"
"temps-attente-prevision","temps-attente-prevision","https://github.com/adriens/temps-attente-prevision","Utiliser des techniques de ML et IA pour comprendre, classifier et prédire les temps d'attente en agence de l'OPT-NC","","datascience, kaggle, kaggle-dataset, machine-learning, opendata","0","2025-06-18","2025-06-22","False","True"
"endoflife-date-snapshots","endoflife-date-snapshots","https://github.com/adriens/endoflife-date-snapshots","Daily consolidated and enriched snapshots of endoflife.date","","eol, apache-parquet, duckdb, duckdb-database, end-of-life, endoflife, jupyter-notebook, kaggle, kaggle-notebook, python, release-policy, release-schedule, csv, csv-export, data-science, datavisualization, dataviz, olap, data-analysis, database","2","2023-03-15","2025-05-05","False","True"
"chocolatey-schemacrawler","chocolatey-schemacrawler","https://github.com/adriens/chocolatey-schemacrawler","Chocolatey package source to install schemacrawler","","chocolatey, schemacrawler, chocolatey-packages, installer, windows","3","2018-03-06","2025-04-13","False","True"
"schemacrawler-rpm","schemacrawler-rpm","https://github.com/adriens/schemacrawler-rpm","rpm install of schemacrawler","Shell","schemacrawler, rpm, shell","3","2015-04-20","2025-04-13","False","True"
"schemacrawler-deb","schemacrawler-deb","https://github.com/adriens/schemacrawler-deb","Debian package for schemacrawler","Shell","schemacrawler, debian, deb, package, installer","10","2014-08-20","2025-04-13","False","True"
"schemacrawler-snapcraft","schemacrawler-snapcraft","https://github.com/adriens/schemacrawler-snapcraft","A first attempt to create a java snap package","Shell","","4","2018-11-01","2025-04-13","False","True"
"schemacrawler-plugin-neo4j","schemacrawler-plugin-neo4j","https://github.com/adriens/schemacrawler-plugin-neo4j","A plugin to dump database schemas into neo4j graph database (to draw and query it)","Java","","8","2015-07-07","2025-04-13","False","True"
"mobitag","mobitag","https://github.com/adriens/mobitag","A first GO cli to send mobitags/sms in New-Caledonia","Go","geek, golang, golang-application, hackathon, learning-by-doing, nerd, side, sms, sms-client, weekend-project, hackathon-p, innovation, innovationlab, proof-of-concept","1","2024-06-22","2025-03-26","False","True"
"api-forfaits-opt","api-forfaits-opt","https://github.com/adriens/api-forfaits-opt","Une API pour les forfaits telecom de l'OPT-NC","HTML","","0","2024-12-08","2025-03-06","False","True"
"temps-attente-matrix-led","temps-attente-matrix-led","https://github.com/adriens/temps-attente-matrix-led","Un projet de dataviz sur Matrice LED drivée par les données de temps d'attente de l'OPT-NC","Python","api, hackster, iot, iot-application, led, leds","0","2024-09-20","2025-03-03","False","True"
"eol","eol","https://github.com/adriens/eol","A go client for eols (DEV.to githubchallenge )","Go","","0","2025-01-11","2025-01-13","False","True"
"odata-ma-liste-cadeau-nc","odata-ma-liste-cadeau-nc","https://github.com/adriens/odata-ma-liste-cadeau-nc","🛍️ Partenaires Ma Liste Cadeau NC","","csv, nouvelle-caledonie, opendata","0","2024-12-26","2024-12-29","False","True"
"odata-cncf-endoflife-date","odata-cncf-endoflife-date","https://github.com/adriens/odata-cncf-endoflife-date","An initiative to link together CNCF landscape dataset and https://endoflife.date/","","","0","2024-09-15","2024-09-15","False","True"
"opt-nc-parole-agent","opt-nc-parole-agent","https://github.com/adriens/opt-nc-parole-agent","Paroles d'agent OPT-NC - Adrien SALES","","","0","2024-08-24","2024-08-24","False","True"
"pdc2024-violences","pdc2024-violences","https://github.com/adriens/pdc2024-violences","Dédié à mes soumissions pour le Pacific Dataviz Challenge 2024","","","0","2024-07-06","2024-08-14","False","True"
"declaration-solennelle-louis-mapou-2024-06-08-data","declaration-solennelle-louis-mapou-2024-06-08-data","https://github.com/adriens/declaration-solennelle-louis-mapou-2024-06-08-data","Dataviz DECLARATION SOLENNELLE DU 2024-06-08 - LOUIS MAPOU","","data-analysis, datavisualization, dataviz, dataviz-tools, gephi, gephi-visualizations, new-caledonia, nouvelle-caledonie, storytelling","0","2024-06-08","2024-06-09","False","True"
"odata-women-granted-open-bank-account","odata-women-granted-open-bank-account","https://github.com/adriens/odata-women-granted-open-bank-account","A public dataset that tells when women were granted the right to open a bank account on their own","","csv, gender-equality, open-data, women-empowerment","0","2024-03-17","2024-05-04","False","True"
"odata-women-suffrage-dates","odata-women-suffrage-dates","https://github.com/adriens/odata-women-suffrage-dates","Open Data for women suffrage dates","","countries, csv-files, democracy, gender-equality, open-data, opendata, suffrage, women, kaggle, kaggle-dataset, kaggle-notebook, women-empowerment","0","2024-03-16","2024-04-24","False","True"
"odata-fiches-emploi-ncl","odata-fiches-emploi-ncl","https://github.com/adriens/odata-fiches-emploi-ncl","Le répertoire des emplois de Nouvelle-Calédonie, en data","","jobs, newcaledonia, opendata, csv","0","2024-03-22","2024-03-22","False","True"
"template-a3-process-problem-solving","template-a3-process-problem-solving","https://github.com/adriens/template-a3-process-problem-solving","A markdown ePub template to help around ""A3 Process and Problem Solving""","CSS","","0","2023-10-29","2023-10-30","False","True"
"nodes23-data","nodes23-data","https://github.com/adriens/nodes23-data","A set of ready to use data around nodes23","Cypher","","0","2023-09-17","2023-09-18","False","True"
"pacific-dataviz-challenge","pacific-dataviz-challenge","https://github.com/adriens/pacific-dataviz-challenge","Repo dedicated to #PacificDatavizChallenge","","","0","2023-09-15","2023-09-16","False","True"
"yamabushis-horizons","yamabushis-horizons","https://github.com/adriens/yamabushis-horizons","Richard Nadler masterpiece","","","0","2023-07-15","2023-07-22","False","True"
"chocolatey-liquibase","chocolatey-liquibase","https://github.com/adriens/chocolatey-liquibase","Liquibase Chocolatey package sources","","liquibase, chocolatey, db, database, change-management, windows, devops, devops-tools","0","2019-02-16","2023-07-17","False","True"
"street-workout-nc","street-workout-nc","https://github.com/adriens/street-workout-nc","💪 The place for Wildbarz's street workout New-Caledonia's athletes data","","calisthenics, calisthenics-rules, data-visualization, datascience, sports, sports-analytics, sports-scores, sports-stats, street-workout, noumea, nouvelle-caledonie, duckdb-database, jupyter-notebook, wildbarz","0","2023-06-24","2023-06-25","False","True"
"odata-eaux-baignade-noumea","odata-eaux-baignade-noumea","https://github.com/adriens/odata-eaux-baignade-noumea","Experience Open Data de la qualité des eaux de baignade à Nouméa, Nouvelle-calédonie","","csv, csv-files, datascience, duckdb, kaggle, newcaledonia, noumea, nouvelle-caledonie, opendata, python","0","2023-03-09","2023-06-17","False","True"
"dev-to-slideshow","dev-to-slideshow","https://github.com/adriens/dev-to-slideshow","A pure web slideshow for DEV.to lovers","Vue","","0","2023-03-24","2023-06-12","True","True"
"cine-city-noumea-api","cine-city-noumea-api","https://github.com/adriens/cine-city-noumea-api","API REST pour interagir avec http://www.cinecity.nc","Java","spring-boot, cine-city, noumea, api, films, spring-boot-2","0","2018-03-03","2023-05-21","True","True"
"test","test","https://github.com/adriens/test","","","","0","2023-05-05","2023-05-05","False","False"
"endoflife-date-neo4j","endoflife.date-neo4j","https://github.com/adriens/endoflife.date-neo4j","A set of Neo4J resources around endoflife.date data","Cypher","","1","2022-12-12","2023-04-11","False","True"
"odata-structures-innovation-sur-le-territoire","odata-structures-innovation-sur-le-territoire","https://github.com/adriens/odata-structures-innovation-sur-le-territoire","dédié au jeu de données Open Data structures-dinnovation-sur-le-territoire-non-exhaustif-newmodel de la Caisse des Dépôts.","","","0","2023-03-19","2023-03-19","False","True"
"odata-data-gouv-nc","odata-data-gouv-nc","https://github.com/adriens/odata-data-gouv-nc","Jeux de donneés utilitaires pou data.gouv.nc","","","0","2023-03-11","2023-03-11","False","True"
"my-opt-temps-attente-agences-api","my-opt-temps-attente-agences-api","https://github.com/adriens/my-opt-temps-attente-agences-api","API REST des temps d'attente en agence OPT.nc","Java","","1","2020-03-09","2023-02-28","False","True"
"schemacrawler-plugin-dashboard","schemacrawler-plugin-dashboard","https://github.com/adriens/schemacrawler-plugin-dashboard","Schemacrawler plugin that exports lint reports as csv","Java","","1","2017-07-19","2023-01-28","True","True"
"endoflife-date-nested","endoflife.date-nested","https://github.com/adriens/endoflife.date-nested","A collection of resources to load Product EoL in itself","","cypher, endoflife, neo4j, neo4j-database, postgresql, snippets, sql, technicaldebt","0","2023-01-18","2023-01-26","False","True"
"chocolatey-codeql","chocolatey-codeql","https://github.com/adriens/chocolatey-codeql","Chocolatey package for CodeQL","","","1","2021-08-10","2023-01-25","False","True"
"presentation-kafka-connect","presentation-kafka-connect","https://github.com/adriens/presentation-kafka-connect","Démo kafka Connect","","","1","2020-12-12","2022-12-16","False","True"
"slack-birthday-bot","slack-birthday-BOT","https://github.com/adriens/slack-birthday-BOT","A slack BOT tha simply reminds Birthdays the funny way !","Java","slack, bot, birthday, gif, incoming-webhook, giphy, funny, webhook","7","2017-12-11","2022-09-09","False","True"
"dall-e-mini-hand-made-usa-presidents","dall-e-mini-hand-made-usa-presidents","https://github.com/adriens/dall-e-mini-hand-made-usa-presidents","An experience around USA presidents","JavaScript","","0","2022-06-26","2022-07-02","False","True"
"presentation-izpack","presentation-izpack","https://github.com/adriens/presentation-izpack","Litlle demo to show how izpack can help with workstation automation, with SCCM","JavaScript","","1","2017-06-30","2022-06-25","False","True"
"brousse-en-folie-network","brousse-en-folie-network","https://github.com/adriens/brousse-en-folie-network","Découverte du réseau social de la Brousse en Folie","","gephi, datanalysis, neo4j, storytelling","0","2017-12-22","2022-06-18","False","True"
"chocolatey-vendir","chocolatey-vendir","https://github.com/adriens/chocolatey-vendir","Chocolatey package for Carvel vendir","PowerShell","","1","2020-11-21","2022-03-05","False","True"
"appli-noumea-plages","appli-noumea-plages","https://github.com/adriens/appli-noumea-plages","Mobile Flutter app for Noumea Water Quality of the Beaches","Dart","quality, water, flutter, beach, noumea, newcaledonia, cagougeeks, opendata, smartcity, mobileapp","0","2020-02-01","2022-01-28","False","True"
"chocolatey-kbld","chocolatey-kbld","https://github.com/adriens/chocolatey-kbld","Chocolatey package for Carvel kbld","PowerShell","","1","2020-11-21","2022-01-11","False","True"
"covid19-action-plan-nc","covid19-action-plan-nc","https://github.com/adriens/covid19-action-plan-nc","Projet de gestion de mes tâches liées aux actions autour de la crise saniatire du COVD-19 en Nouvelle-Calédonie","","nouvelle-caledonie, noumea, coronavirus, covid, powerbi, dashboard","2","2020-03-22","2022-01-10","False","True"
"chocolatey-kapp","chocolatey-kapp","https://github.com/adriens/chocolatey-kapp","Chocolatey package for Carvel kapp utility","PowerShell","","1","2020-11-20","2021-12-07","False","True"
"chocolatey-ytt","chocolatey-ytt","https://github.com/adriens/chocolatey-ytt","Chocolatey package source code for ytt","PowerShell","k8s, yaml, yml, templates, templating, configuration, lint, testing, kubernetes, chocolatey","1","2020-11-14","2021-11-20","False","True"
"chocolatey-imgpkg","chocolatey-imgpkg","https://github.com/adriens/chocolatey-imgpkg","Chocolatey package for Carvel imgpkg","PowerShell","","1","2020-11-25","2021-11-17","False","True"
"chocolatey-jib","chocolatey-jib","https://github.com/adriens/chocolatey-jib","Chocolatey package for Jib CLI","","","0","2021-04-04","2021-11-14","False","True"
"chocolatey-zoe","chocolatey-zoe","https://github.com/adriens/chocolatey-zoe","Chocolatey package for Zoe (the Kafka cli)","","","0","2021-07-17","2021-11-05","False","True"
"jcollatz","JCollatz","https://github.com/adriens/JCollatz","","Java","","2","2021-09-06","2021-10-03","False","True"
"truncatable-primes","truncatable-primes","https://github.com/adriens/truncatable-primes","A proto around Truncatable primes","Java","","0","2021-09-18","2021-10-02","False","True"
"excuses-api","excuses-api","https://github.com/adriens/excuses-api","Enfin une API pour de bonnes excuses","Java","","0","2021-09-25","2021-09-25","False","True"
"excuses-sdk","excuses-sdk","https://github.com/adriens/excuses-sdk","Enfin un SDK pour des excuses !","Java","","0","2021-09-20","2021-09-25","False","True"
"cult-movies","cult-movies","https://github.com/adriens/cult-movies","A data storytelling about cult movies","","","0","2021-09-20","2021-09-21","False","True"
"tour2caledonie","tour2caledonie","https://github.com/adriens/tour2caledonie","Tour de calédonie","","","0","2021-09-08","2021-09-08","False","True"
"super-idee","super-idee","https://github.com/adriens/super-idee","Une idée de super projet encore brouillon","","","0","2021-08-16","2021-08-16","False","True"
"eaux-baignade-noumea","eaux-baignade-noumea","https://github.com/adriens/eaux-baignade-noumea","API pour accéder à la qualité des eaux de baignade, via le crawling de www.noumea.nc","Java","noumea, plages, eaux, baignade, qualitelis","0","2018-03-28","2021-08-15","False","True"
"katacoda-scenarios","katacoda-scenarios","https://github.com/adriens/katacoda-scenarios","Katacoda Scenarios","","","0","2020-08-19","2021-08-11","False","True"
"ridetnc-api","ridetnc-api","https://github.com/adriens/ridetnc-api","","Java","","0","2021-08-07","2021-08-09","False","True"
"ridetnc4j","ridetnc4j","https://github.com/adriens/ridetnc4j","Java SDK wrapper to interact with ""Entreprises actives au Ridet""","Java","","0","2021-08-07","2021-08-07","False","True"
"colisnc-sdk","colisnc-sdk","https://github.com/adriens/colisnc-sdk","SDK pour les colis en Nouvelle-calédonie","Java","","1","2019-09-09","2021-08-04","False","True"
"katacoda-glia-labs","katacoda-glia-labs","https://github.com/adriens/katacoda-glia-labs","","Shell","devops, katacoda","0","2021-02-06","2021-07-31","False","True"
"colisnc-discord","colisnc-discord","https://github.com/adriens/colisnc-discord","","Java","","0","2021-03-03","2021-06-10","False","True"
"tablesaw-code-snippets","tablesaw-code-snippets","https://github.com/adriens/tablesaw-code-snippets","Code snippets around jtablesaw lib","","","0","2017-10-25","2021-04-25","False","True"
"mailbox_notifier","MAILBOX_notifier","https://github.com/adriens/MAILBOX_notifier","Arduino Based mailbox notifier","C++","","3","2019-05-07","2021-04-24","False","True"
"katacoda-devops-labs-elasticsearch-reindex","katacoda-devops-labs-elasticsearch-reindex","https://github.com/adriens/katacoda-devops-labs-elasticsearch-reindex","Set of files used for ","Shell","","0","2021-04-09","2021-04-11","False","True"
"chocolatey-gomplate","chocolatey-gomplate","https://github.com/adriens/chocolatey-gomplate","Chocolatey package for gomplate","PowerShell","","1","2021-03-22","2021-04-05","False","True"
"json_hall_of_shame","json_hall_of_shame","https://github.com/adriens/json_hall_of_shame","A collection of awfully formated json files","","","0","2021-03-24","2021-04-01","False","True"
"chocolatey-olive","chocolatey-olive","https://github.com/adriens/chocolatey-olive","Chococlatey package for Olive video editor","PowerShell","","0","2021-03-30","2021-03-30","False","True"
"postgresql-open-data","postgresql-open-data","https://github.com/adriens/postgresql-open-data","","","","0","2021-03-03","2021-03-26","False","True"
"it-events-sdk","it-events-sdk","https://github.com/adriens/it-events-sdk","Compute easily IT events from Java","","","0","2021-02-08","2021-02-08","False","True"
"presentation-stage-gbertherat","presentation-stage-gbertherat","https://github.com/adriens/presentation-stage-gbertherat","Slideshow de fin de stage de Guillaume dédié au Machine Learning et APIs","JavaScript","","0","2020-11-11","2021-01-04","False","True"
"colisnc-borne","colisnc-borne","https://github.com/adriens/colisnc-borne","","TypeScript","","1","2020-11-26","2020-12-21","False","True"
"tuto-postgres-partition","tuto-postgres-partition","https://github.com/adriens/tuto-postgres-partition","Tuto pour le partitionnement sous psql","","","0","2020-12-20","2020-12-20","False","True"
"person-counter-api","person-counter-api","https://github.com/adriens/person-counter-api","Une API qui via DJL (Deep Java Library) renvoie le nombre d'entités détectées sur une photo","Java","","1","2020-11-03","2020-12-18","False","True"
"glia-logo-unity","glia-logo-unity","https://github.com/adriens/glia-logo-unity","Une animation Unity pour la carte de visite du bureau","C#","","0","2020-12-16","2020-12-17","False","True"
"opt-temps-attente-agences-sdk","opt-temps-attente-agences-sdk","https://github.com/adriens/opt-temps-attente-agences-sdk","SDK Java des temps d'attente en agence OPT.nc","Java","","0","2020-03-09","2020-12-09","False","True"
"chocolatey-kapp-controller","chocolatey-kapp-controller","https://github.com/adriens/chocolatey-kapp-controller","Chocolatey package for carvel-kapp-controller","","ytt, kapp, helm, declarative, operator, k8s, kubernetes, gitops, continuous-delivery, cd, controllers, carvel","0","2020-11-27","2020-11-27","False","False"
"colisnc-webapp","colisnc-webapp","https://github.com/adriens/colisnc-webapp","appli-colis","Java","","0","2020-02-10","2020-11-22","False","True"
"colisnc-katacoda","colisnc-katacoda","https://github.com/adriens/colisnc-katacoda","Katacoda tutorial on how deploy the API on a K8S cluster","","","0","2020-10-25","2020-10-25","False","True"
"colis-nc-app","colis-nc-app","https://github.com/adriens/colis-nc-app","Prototype Appli mobile pour les colis en Nouvelle-Calédonie","","","0","2020-10-24","2020-10-24","False","True"
"schemacrawler-additional-command-lints-as-csv","schemacrawler-additional-command-lints-as-csv","https://github.com/adriens/schemacrawler-additional-command-lints-as-csv","An additional command for schemacrawler to dump lints as csv files and produce analytics","Java","csv, elasticsearch, kibana, database, lint, dashoard, logstash, schemacrawler","2","2018-09-22","2020-10-12","False","True"
"kalolo-2-0","kalolo-2.0","https://github.com/adriens/kalolo-2.0","","Java","","0","2020-08-24","2020-09-23","False","True"
"flutter-signal-strength","flutter-signal-strength","https://github.com/adriens/flutter-signal-strength","","Kotlin","","0","2020-08-26","2020-09-23","False","True"
"carte-conso-plus-sdk","carte-conso-plus-sdk","https://github.com/adriens/carte-conso-plus-sdk","SDK java pour interagir avec le site (http://www.consoplus.nc/) de la Carte Conso + (Nouvelle-Calédonie)","Java","","0","2018-03-17","2020-08-17","False","True"
"carte-conso-plus-api","carte-conso-plus-api","https://github.com/adriens/carte-conso-plus-api","API pour interagir avec le site (http://www.consoplus.nc/) de la Carte Conso + (Nouvelle-Calédonie)","Java","","0","2018-03-17","2020-08-17","False","True"
"makecodeoptgame","MakeCodeOPTGame","https://github.com/adriens/MakeCodeOPTGame","First ever MakeCode Game","TypeScript","","0","2020-08-15","2020-08-15","False","True"
"kalolo-api","kalolo-api","https://github.com/adriens/kalolo-api","API de gestion des expressions caldoches à nous les mecs du caillou","Java","","0","2020-06-15","2020-08-10","False","True"
"emploi-nc-api","emploi-nc-api","https://github.com/adriens/emploi-nc-api","API Offres d'emploi de Nouvelle-Calédonie","Java","","0","2020-03-12","2020-07-28","False","True"
"emploi-nc-website","emploi-nc-website","https://github.com/adriens/emploi-nc-website","Site web de emploi-nc","JavaScript","","0","2020-03-20","2020-07-23","False","True"
"emploi-nc-sdk","emploi-nc-sdk","https://github.com/adriens/emploi-nc-sdk","SDK Java de l'emploi en Nouvelle-Calédonie","Java","","0","2020-03-11","2020-07-17","False","True"
"colisnc-ar","colisnc-AR","https://github.com/adriens/colisnc-AR","colisnc-AR","Java","","0","2020-02-27","2020-06-25","False","True"
"glia-tasks","GLIA-tasks","https://github.com/adriens/GLIA-tasks","Gestion de très haut niveau des tâches du bureau","","","0","2020-03-23","2020-03-24","False","True"
"cine-city-noumea-sdk","cine-city-noumea-sdk","https://github.com/adriens/cine-city-noumea-sdk","SDK java pour interagir avec le site (http://www.cinecity.nc) du CineCity (Nouméa, NC).","Java","cinecity, nc, noumea, sdk, films, nouvelle-caledonie","0","2018-03-02","2020-03-09","False","True"
"tickets-resto-nc-sdk","tickets-resto-nc-sdk","https://github.com/adriens/tickets-resto-nc-sdk","Implémentation Java de l'API de https://www.neocarte.nc","Java","tickets, restaurant, nouvelle-caledonie, api, sdk, java, nc, htmlunit","1","2017-04-30","2020-02-05","False","True"
"beachcagoubot","BeachCagouBot","https://github.com/adriens/BeachCagouBot","Bot twitter pour les eaux de baignades de Nouméa","Java","","0","2019-02-25","2019-12-31","False","True"
"noumea-smartcity-api","noumea-smartcity-api","https://github.com/adriens/noumea-smartcity-api","Hub d'APIs REST pour la ville de Nouméa ","Java","","0","2019-03-21","2019-10-11","False","True"
"scalair4j","scalair4J","https://github.com/adriens/scalair4J","SDK Java pour Scal-Air","Java","","0","2019-03-03","2019-10-11","False","True"
"presentation-ci-docker","presentation-ci-docker","https://github.com/adriens/presentation-ci-docker","Présentation sur faire de la CI avec Docket, Jib et Circle CI","JavaScript","","0","2019-05-20","2019-09-30","False","True"
"ideas4opt","ideas4opt","https://github.com/adriens/ideas4opt","ideas4opt","","","0","2019-05-21","2019-05-21","False","False"
"dicker-ci-demo","dicker-ci-demo","https://github.com/adriens/dicker-ci-demo","Testing with docker images on Circle CI","","","0","2019-05-15","2019-05-17","False","True"
"rfc4180validator","RFC4180Validator","https://github.com/adriens/RFC4180Validator","POC in progress","Java","","0","2019-05-06","2019-05-16","False","True"
"csv-tester","csv-tester","https://github.com/adriens/csv-tester","A maven project prototype to test csv testing as part of the build","Java","","0","2018-07-29","2019-05-02","False","True"
"chocolatey-netbeans-11","chocolatey-netbeans-11","https://github.com/adriens/chocolatey-netbeans-11","Chocolatey package to install Netbeans 11","PowerShell","netbeans-11, chocolatey-packages, windows","0","2019-04-16","2019-04-21","False","True"
"plages-noumea","plages-noumea","https://github.com/adriens/plages-noumea","Un site web dédié à faire des cadres photos intelligents dédié à la qualité des eaux des plages de Nouméa","JavaScript","","0","2019-03-02","2019-03-03","False","True"
"stls","STLS","https://github.com/adriens/STLS","Dedicated to my stl collection","","","0","2018-12-07","2019-03-03","False","True"
"analyze-macron-debat-national-2019","analyze-macron-debat-national-2019","https://github.com/adriens/analyze-macron-debat-national-2019","Analyze ""Emmanuel Macron's letter to his people""","Java","","0","2019-01-18","2019-01-20","False","True"
"macron-debat-national-2019","macron-debat-national-2019","https://github.com/adriens/macron-debat-national-2019","Données et stats concernant le grand débat national de 2019","","","0","2019-01-15","2019-01-15","False","True"
"schemaspy","schemaspy","https://github.com/adriens/schemaspy","mavenized version of schemaspy","Java","","0","2014-09-01","2018-12-12","False","True"
"arduino-led-snake","arduino-led-snake","https://github.com/adriens/arduino-led-snake","","C++","","0","2018-12-07","2018-12-09","False","True"
"arduinos-tps","arduinos-tps","https://github.com/adriens/arduinos-tps","TPs arduino","C++","","0","2018-12-05","2018-12-05","False","True"
"referendum-2018","referendum-2018","https://github.com/adriens/referendum-2018","","","","0","2018-11-11","2018-11-15","False","True"
"information-schema-from-apoc","information-schema-from-apoc","https://github.com/adriens/information-schema-from-apoc","Some scripts to load INFORMATION_SCHEMA database structures from jdbc APOC procedures","","neo4j, apoc, postgresql","0","2018-08-22","2018-08-23","False","True"
"graph-fromages","graph-fromages","https://github.com/adriens/graph-fromages","Génération du graphe des fromages","JavaScript","","0","2018-07-03","2018-07-03","False","True"
"poc-dependabot-dashboard","poc-dependabot-dashboard","https://github.com/adriens/poc-dependabot-dashboard","","","","0","2018-05-29","2018-05-29","False","False"
"reorg-graph","reorg-graph","https://github.com/adriens/reorg-graph","Some test around organization and graphs","R","","0","2017-10-22","2018-05-20","False","True"
"r-blood-rhesus","R-blood-rhesus","https://github.com/adriens/R-blood-rhesus","A Rmarkdown report on blood rhesus","HTML","","0","2017-09-30","2018-05-15","False","True"
"my-cloud-connections","my-cloud-connections","https://github.com/adriens/my-cloud-connections","Datas about my cloud connections","","","1","2017-10-30","2018-04-30","False","True"
"presentation-lean-startup","presentation-lean-startup","https://github.com/adriens/presentation-lean-startup","Petite présentation d'un projet en mode WE","JavaScript","","0","2018-03-15","2018-04-11","False","True"
"mon-1012-nc","mon-1012.nc","https://github.com/adriens/mon-1012.nc","API REST sur 1012.nc","Java","","0","2018-04-03","2018-04-04","False","True"
"chocolatey-api","chocolatey-api","https://github.com/adriens/chocolatey-api","API to get chocolatey packages details in REST/json","Java","chocolatey, packages, rest, api","0","2018-03-20","2018-03-23","False","True"
"chocolatey-sdk","chocolatey-sdk","https://github.com/adriens/chocolatey-sdk","Java SDK to interact with chocolatey website","Java","chocolatey, java, sdk, webcrawler","0","2018-03-20","2018-03-23","False","True"
"slack-marketplace","slack-marketplace","https://github.com/adriens/slack-marketplace","Slack marketplace network","","","0","2017-11-30","2017-11-30","False","True"
"presentation-jenkins-vagrant","presentation-jenkins-vagrant","https://github.com/adriens/presentation-jenkins-vagrant","Slideshow that presents a devops approach on vagrant/jenins and introduces the benefits of a docker approach","CSS","","0","2017-10-31","2017-11-02","False","True"
"gexf-samples","gexf-samples","https://github.com/adriens/gexf-samples","Gexf data samples : a set of samples","","","0","2017-09-22","2017-09-22","False","True"
"neo4j-cuisine-nicoise","neo4j-cuisine-nicoise","https://github.com/adriens/neo4j-cuisine-nicoise","Graphe neo4j des recettes et ingrédients de la cuisine niçoise","","neo4j, recipes, cypher, recettes, cuisine, graph","0","2017-09-12","2017-09-13","False","True"
"exiftest","ExifTest","https://github.com/adriens/ExifTest","Dummy code samples around Exif and QrCode","Java","exif, qrcode, longitude, latitude, multipart, mail","0","2017-07-20","2017-07-21","False","True"
"oracle-jutils","oracle-jutils","https://github.com/adriens/oracle-jutils","Set of PL/SQL utility packages","","","0","2017-07-16","2017-07-16","False","True"
"cups4j","cups4j","https://github.com/adriens/cups4j","Pure Java CUPS implementation","Java","","0","2016-12-19","2016-12-20","False","True"
"files2neo4j","files2neo4j","https://github.com/adriens/files2neo4j","Dummy tool to generate a neo4j graph database from a a directory","Java","","0","2016-08-23","2016-08-23","False","True"
"schemacrawler-izpack","schemacrawler-izpack","https://github.com/adriens/schemacrawler-izpack","Izpack installer for schemacrawler. Primary target is Windows.","HTML","","0","2014-11-10","2016-04-15","False","True"
"schemacrawler-report-maven-plugin","SchemaCrawler-Report-Maven-Plugin","https://github.com/adriens/SchemaCrawler-Report-Maven-Plugin","","Java","","0","2016-02-10","2016-02-10","False","True"
